<?xml version="1.0" encoding="utf-8" ?>
<WebCopy>
	<Item>
		<Title>Directions For Use</Title>
		<Desc>Add 2 level scoops (scoop enclosed) or 6 level tablespoons of powder into 8 ounces (1 cup) of water, milk or juice. level (firmly packed) scoop (5 grams) of powder into 8 ounces of water or juice.</Desc>
	</Item>
	<Item>
		<Title>Miscellaneous</Title>
		<Desc>Store in a cool dry place</Desc>
	</Item>
	<Item>
		<Title>Does Not Contain</Title>
		<Desc>No egg. No Casein. No Wheat, No Yeast. Contains no animal products other than whey</Desc>
	</Item>
	<Item>
		<Title>Warnings</Title>
		<Desc>Do not take if you have kidney disease. Keep out of reach of children. This product is not indended to diagnose, treat, cure or prevent any disease.</Desc>
	</Item>
	<Item>
		<Title>Restrictions</Title>
		<Desc>Not for sale in Las Vegas, NV.</Desc>
	</Item>
</WebCopy>